{"name":"643e9ba3-9aa4-40c1-bdf5-2bbe5cfc6cb6","id":"/providers/Microsoft.Flow/flows/643e9ba3-9aa4-40c1-bdf5-2bbe5cfc6cb6","type":"Microsoft.Flow/flows","properties":{"apiId":"/providers/Microsoft.PowerApps/apis/shared_logicflows","displayName":"BatchGetItems","definition":{"metadata":{"workflowEntityId":null,"processAdvisorMetadata":null,"flowChargedByPaygo":null,"flowclientsuspensionreason":"None","flowclientsuspensiontime":null,"flowclientsuspensionreasondetails":null,"creator":{"id":"f2bde178-2049-4aba-883f-5c285439074e","type":"User","tenantId":"82212c7a-b9ec-41b3-8d8b-d244365bcfb8"},"provisioningMethod":"FromDefinition","failureAlertSubscription":true,"clientLastModifiedTime":"2023-06-28T10:44:22.2576849Z"},"$schema":"https://schema.management.azure.com/providers/Microsoft.Logic/schemas/2016-06-01/workflowdefinition.json#","contentVersion":"1.0.0.0","parameters":{"$connections":{"defaultValue":{},"type":"Object"},"$authentication":{"defaultValue":{},"type":"SecureObject"}},"triggers":{"manual":{"metadata":{"operationMetadataId":"af664cb4-c7c1-440f-bbe8-9dd5ae3d7d67"},"type":"Request","kind":"Button","inputs":{"schema":{"type":"object","properties":{},"required":[]}}}},"actions":{"GetItemsBatch":{"actions":{"batchTemplate":{"runAfter":{},"metadata":{"operationMetadataId":"83a634bb-7aa6-44f5-8495-6b66d2dc9875"},"type":"Compose","inputs":"--batch_@{string(outputs('settings')['guid'])}\nContent-Type: application/http\nContent-Transfer-Encoding: binary\n\nGET @{outputs('settings')['siteAddress']}_api/web/lists/getbytitle('AppData02')/items?$select=Text1 HTTP/1.1\nContent-Type: application/json;odata=verbose\n\n--batch_@{string(outputs('settings')['guid'])}"},"SendBatch":{"runAfter":{"batchTemplate":["Succeeded"]},"limit":{"timeout":"P1D"},"metadata":{"flowSystemMetadata":{"swaggerOperationId":"HttpRequest"},"operationMetadataId":"f96c7416-50ec-4f6b-ad5a-f3275c2d93ba"},"type":"ApiConnection","inputs":{"host":{"connection":{"name":"@json(decodeBase64(triggerOutputs().headers['X-MS-APIM-Tokens']))['$connections']['shared_sharepointonline_1']['connectionId']"},"api":{"runtimeUrl":"https://uk-001.azure-apim.net/apim/sharepointonline"}},"method":"post","body":{"method":"POST","uri":"/_api/$batch","headers":{"Content-Type":"multipart/mixed;boundary=batch_@{outputs('settings')['guid']}"},"body":"@{outputs('batchTemplate')}"},"path":"/datasets/@{encodeURIComponent(encodeURIComponent('https://lowcodera.sharepoint.com/sites/UniversalSchema'))}/httprequest","authentication":{"type":"Raw","value":"@json(decodeBase64(triggerOutputs().headers['X-MS-APIM-Tokens']))['$ConnectionKey']"}}},"Compose":{"runAfter":{"SendBatch":["Succeeded"]},"metadata":{"operationMetadataId":"bd1d0a78-6c85-4084-9440-5224b39c4fed"},"type":"Compose","inputs":"@base64ToString(body('SendBatch')['$content'])"}},"runAfter":{"settings":["Succeeded"]},"metadata":{"operationMetadataId":"0f1f438f-33b9-446d-89dc-a0e53a2e6c7a"},"type":"Scope"},"getDataAsStream":{"runAfter":{"settings":["Succeeded"]},"metadata":{"operationMetadataId":"eccf0f8c-19ad-4020-9f8b-3a6caea21baa","flowSystemMetadata":{"swaggerOperationId":"HttpRequest"}},"type":"ApiConnection","inputs":{"host":{"connection":{"name":"@json(decodeBase64(triggerOutputs().headers['X-MS-APIM-Tokens']))['$connections']['shared_sharepointonline_1']['connectionId']"},"api":{"runtimeUrl":"https://uk-001.azure-apim.net/apim/sharepointonline"}},"method":"post","body":{"method":"POST","uri":"_api/web/GetList(@listUrl)/RenderListDataAsStream?Paged=TRUE&p_ID=5000&PageFirstRow=5001&View=40e9794e-ebe0-4c63-8fe2-08d5e5f89b53&@listUrl='@{outputs('getDataSettings')['siteUrl']}'","headers":{"Accept":"application/json;odata=nometadata","Content-Type":"application/json;odata=nometadata","":""},"body":"{\"parameters\":{\n\"OverrideViewXml\":\"<View><RowLimit>5000</RowLimit></View>\",\n\"AddRequiredFields\":true,\n\"ReplaceGroup\":true}\n}"},"path":"/datasets/@{encodeURIComponent(encodeURIComponent('https://lowcodera.sharepoint.com/sites/UniversalSchema'))}/httprequest","authentication":{"type":"Raw","value":"@json(decodeBase64(triggerOutputs().headers['X-MS-APIM-Tokens']))['$ConnectionKey']"}}},"CountRows02":{"runAfter":{"getDataAsStream":["Succeeded"]},"metadata":{"operationMetadataId":"9f7c0e45-c3c4-40c7-8c5d-9b6940212460"},"type":"Compose","inputs":"@length(outputs('getDataAsStream')['body']['Row'])","description":"length(outputs('getDataAsStream')['body']['Row'])"},"getData01":{"runAfter":{"settings":["Succeeded"]},"metadata":{"operationMetadataId":"a6e47649-707a-4c7c-825e-206cc7eab488","flowSystemMetadata":{"swaggerOperationId":"HttpRequest"}},"type":"ApiConnection","inputs":{"host":{"connection":{"name":"@json(decodeBase64(triggerOutputs().headers['X-MS-APIM-Tokens']))['$connections']['shared_sharepointonline_1']['connectionId']"},"api":{"runtimeUrl":"https://uk-001.azure-apim.net/apim/sharepointonline"}},"method":"post","body":{"method":"POST","uri":"_api/web/GetList(@listUrl)/RenderListDataAsStream?$select=ID,Text1&View=40e9794e-ebe0-4c63-8fe2-08d5e5f89b53&@listUrl='@{outputs('getDataSettings')['siteUrl']}'","headers":{"Accept":"application/json;odata=nometadata","Content-Type":"application/json;odata=nometadata","":""},"body":"{\"parameters\":{\n\"OverrideViewXml\":\"<View><RowLimit>5000</RowLimit></View>\",\n\"AddRequiredFields\":true,\n\"ReplaceGroup\":true}\n}"},"path":"/datasets/@{encodeURIComponent(encodeURIComponent('https://lowcodera.sharepoint.com/sites/UniversalSchema'))}/httprequest","authentication":{"type":"Raw","value":"@json(decodeBase64(triggerOutputs().headers['X-MS-APIM-Tokens']))['$ConnectionKey']"}}},"getDataSettings":{"runAfter":{},"metadata":{"operationMetadataId":"bf54b6bf-027c-463e-be70-dedd7fdca4bb"},"type":"Compose","inputs":{"siteAddress":"https://lowcodera.sharepoint.com/sites/UniversalSchema/","listName":"AppData01","siteUrl":"/sites/UniversalSchema/lists/AppData02"}},"settings":{"runAfter":{"getDataSettings":["Succeeded"]},"trackedProperties":{"meta":{"type":"SP.Data.@{outputs('settings')?['listName']}ListItem"},"batchGUID":"@{guid()}","changeSetGUID":"@{guid()}"},"metadata":{"operationMetadataId":"c2e788d3-33dd-4de6-84b9-fa85ae1243f1"},"type":"Compose","inputs":{"siteAddress":"https://lowcodera.sharepoint.com/sites/UniversalSchema/","listName":"AppData01","guid":"@guid()"},"description":"list to batch delete items from"},"CountRows01":{"runAfter":{"getData01":["Succeeded"]},"metadata":{"operationMetadataId":"033887f2-ea77-4746-bedc-cca607a710ce"},"type":"Compose","inputs":"@length(outputs('getData01')['body']['Row'])","description":"length(outputs('getDataAsStream')['body']['Row'])"},"simple":{"runAfter":{"settings":["Succeeded"]},"metadata":{"operationMetadataId":"8d7bbc4c-b4b8-46ed-8749-2d18a4b08aab","flowSystemMetadata":{"swaggerOperationId":"HttpRequest"}},"type":"ApiConnection","inputs":{"host":{"connection":{"name":"@json(decodeBase64(triggerOutputs().headers['X-MS-APIM-Tokens']))['$connections']['shared_sharepointonline_1']['connectionId']"},"api":{"runtimeUrl":"https://uk-001.azure-apim.net/apim/sharepointonline"}},"method":"post","body":{"method":"GET","uri":"_api/web/lists/getbytitle('AppData04')/items?$select=Text1,Float1 ","headers":{"Content-Type":"application/json;odata=nometadata","Accept":"application/json; odata=nometadata","":""}},"path":"/datasets/@{encodeURIComponent(encodeURIComponent('https://lowcodera.sharepoint.com/sites/UniversalSchema'))}/httprequest","authentication":{"type":"Raw","value":"@json(decodeBase64(triggerOutputs().headers['X-MS-APIM-Tokens']))['$ConnectionKey']"}}},"Compose_2":{"runAfter":{"simple":["Succeeded"]},"metadata":{"operationMetadataId":"b0bfa3cf-44f2-4c8d-b7da-31a645e8957a"},"type":"Compose","inputs":"@length(outputs('simple')['body']['value'])"}}},"connectionReferences":{"shared_sharepointonline_1":{"connectionName":"0e2fa4953d16415bad09467c665eb519","source":"Invoker","id":"/providers/Microsoft.PowerApps/apis/shared_sharepointonline","tier":"NotSpecified"}},"flowFailureAlertSubscribed":false,"isManaged":false}}